Date,equity
2022-01-01,100000.0
2022-01-02,100000.0
2022-01-03,100000.0
2022-01-04,100000.0
2022-01-05,100000.0
2022-01-06,100000.0
2022-01-07,100000.0
2022-01-08,100000.0
2022-01-09,100000.0
2022-01-10,100000.0
2022-01-11,100000.0
2022-01-12,100000.0
2022-01-13,100000.0
2022-01-14,100000.0
2022-01-15,100000.0
2022-01-16,100000.0
2022-01-17,100000.0
2022-01-18,100000.0
2022-01-19,100000.0
2022-01-20,100000.0
2022-01-21,100000.0
2022-01-22,100000.0
2022-01-23,100000.0
2022-01-24,100000.0
2022-01-25,100000.0
2022-01-26,100000.0
2022-01-27,100000.0
2022-01-28,100000.0
2022-01-29,100000.0
2022-01-30,100000.0
2022-01-31,100000.0
2022-02-01,100000.0
2022-02-02,100000.0
2022-02-03,100000.0
2022-02-04,100000.0
2022-02-05,100000.0
2022-02-06,100000.0
2022-02-07,100000.0
2022-02-08,100000.0
2022-02-09,100000.0
2022-02-10,100000.0
2022-02-11,100000.0
2022-02-12,100000.0
2022-02-13,100000.0
2022-02-14,100000.0
2022-02-15,100000.0
2022-02-16,100000.0
2022-02-17,100000.0
2022-02-18,100000.0
2022-02-19,100000.0
2022-02-20,100000.0
2022-02-21,100000.0
2022-02-22,100000.0
2022-02-23,100000.0
2022-02-24,100000.0
2022-02-25,100000.0
2022-02-26,100000.0
2022-02-27,100000.0
2022-02-28,100000.0
2022-03-01,100000.0
2022-03-02,100000.0
2022-03-03,100000.0
2022-03-04,100000.0
2022-03-05,100000.0
2022-03-06,100000.0
2022-03-07,100000.0
2022-03-08,100000.0
2022-03-09,100000.0
2022-03-10,100000.0
2022-03-11,100000.0
2022-03-12,100000.0
2022-03-13,100000.0
2022-03-14,100000.0
2022-03-15,100000.0
2022-03-16,100000.0
2022-03-17,100000.0
2022-03-18,100000.0
2022-03-19,100000.0
2022-03-20,100000.0
2022-03-21,100000.0
2022-03-22,100000.0
2022-03-23,100000.0
2022-03-24,100000.0
2022-03-25,99964.01623801228
2022-03-26,100046.28910585679
2022-03-27,101301.04489607117
2022-03-28,101467.38454666888
2022-03-29,101650.06805099896
2022-03-30,101432.04083091175
2022-03-31,100607.68304952836
2022-04-01,101009.57070045231
2022-04-02,100786.33499950533
2022-04-03,101102.5669112434
2022-04-04,101194.04178076917
2022-04-05,100617.04986318003
2022-04-06,99914.1457828022
2022-04-07,100058.36264209154
2022-04-08,99468.02725395425
2022-04-09,99708.04422914675
2022-04-10,99429.1990545784
2022-04-11,98286.38429885008
2022-04-12,98574.75821777986
2022-04-13,99070.02914555922
2022-04-14,98483.44191931242
2022-04-15,98777.8512338427
2022-04-16,98687.51198459495
2022-04-17,98687.51198459495
2022-04-18,98687.51198459495
2022-04-19,98687.51198459495
2022-04-20,98687.51198459495
2022-04-21,98687.51198459495
2022-04-22,98687.51198459495
2022-04-23,98687.51198459495
2022-04-24,98687.51198459495
2022-04-25,98687.51198459495
2022-04-26,98687.51198459495
2022-04-27,98687.51198459495
2022-04-28,98687.51198459495
2022-04-29,98687.51198459495
2022-04-30,98687.51198459495
2022-05-01,98687.51198459495
2022-05-02,98687.51198459495
2022-05-03,98687.51198459495
2022-05-04,98687.51198459495
2022-05-05,98687.51198459495
2022-05-06,98687.51198459495
2022-05-07,98687.51198459495
2022-05-08,98687.51198459495
2022-05-09,98687.51198459495
2022-05-10,98687.51198459495
2022-05-11,98687.51198459495
2022-05-12,98687.51198459495
2022-05-13,98687.51198459495
2022-05-14,98687.51198459495
2022-05-15,98687.51198459495
2022-05-16,98687.51198459495
2022-05-17,98687.51198459495
2022-05-18,98687.51198459495
2022-05-19,98687.51198459495
2022-05-20,98687.51198459495
2022-05-21,98687.51198459495
2022-05-22,98687.51198459495
2022-05-23,98687.51198459495
2022-05-24,98687.51198459495
2022-05-25,98687.51198459495
2022-05-26,98687.51198459495
2022-05-27,98687.51198459495
2022-05-28,98687.51198459495
2022-05-29,98687.51198459495
2022-05-30,98687.51198459495
2022-05-31,98687.51198459495
2022-06-01,98687.51198459495
2022-06-02,98687.51198459495
2022-06-03,98687.51198459495
2022-06-04,98687.51198459495
2022-06-05,98687.51198459495
2022-06-06,98687.51198459495
2022-06-07,98687.51198459495
2022-06-08,98687.51198459495
2022-06-09,98687.51198459495
2022-06-10,98687.51198459495
2022-06-11,98687.51198459495
2022-06-12,98687.51198459495
2022-06-13,98687.51198459495
2022-06-14,98687.51198459495
2022-06-15,98687.51198459495
2022-06-16,98687.51198459495
2022-06-17,98687.51198459495
2022-06-18,98687.51198459495
2022-06-19,98687.51198459495
2022-06-20,98687.51198459495
2022-06-21,98687.51198459495
2022-06-22,98687.51198459495
2022-06-23,98687.51198459495
2022-06-24,98687.51198459495
2022-06-25,98687.51198459495
2022-06-26,98687.51198459495
2022-06-27,98687.51198459495
2022-06-28,98687.51198459495
2022-06-29,98687.51198459495
2022-06-30,98687.51198459495
2022-07-01,98687.51198459495
2022-07-02,98687.51198459495
2022-07-03,98687.51198459495
2022-07-04,98687.51198459495
2022-07-05,98687.51198459495
2022-07-06,98687.51198459495
2022-07-07,98687.51198459495
2022-07-08,98687.51198459495
2022-07-09,98687.51198459495
2022-07-10,98687.51198459495
2022-07-11,98687.51198459495
2022-07-12,98687.51198459495
2022-07-13,98687.51198459495
2022-07-14,98687.51198459495
2022-07-15,98687.51198459495
2022-07-16,98687.51198459495
2022-07-17,98687.51198459495
2022-07-18,98687.51198459495
2022-07-19,98687.51198459495
2022-07-20,98687.51198459495
2022-07-21,98687.51198459495
2022-07-22,98687.51198459495
2022-07-23,98687.51198459495
2022-07-24,98687.51198459495
2022-07-25,98687.51198459495
2022-07-26,98687.51198459495
2022-07-27,98687.51198459495
2022-07-28,98687.51198459495
2022-07-29,98687.51198459495
2022-07-30,98687.51198459495
2022-07-31,98687.51198459495
2022-08-01,98687.51198459495
2022-08-02,98687.51198459495
2022-08-03,98687.51198459495
2022-08-04,98687.51198459495
2022-08-05,98687.51198459495
2022-08-06,98687.51198459495
2022-08-07,98687.51198459495
2022-08-08,98687.51198459495
2022-08-09,98687.51198459495
2022-08-10,98687.51198459495
2022-08-11,98687.51198459495
2022-08-12,98687.51198459495
2022-08-13,98687.51198459495
2022-08-14,98687.51198459495
2022-08-15,98687.51198459495
2022-08-16,98687.51198459495
2022-08-17,98687.51198459495
2022-08-18,98687.51198459495
2022-08-19,98687.51198459495
2022-08-20,98687.51198459495
2022-08-21,98687.51198459495
2022-08-22,98687.51198459495
2022-08-23,98687.51198459495
2022-08-24,98687.51198459495
2022-08-25,98687.51198459495
2022-08-26,98687.51198459495
2022-08-27,98687.51198459495
2022-08-28,98687.51198459495
2022-08-29,98687.51198459495
2022-08-30,98687.51198459495
2022-08-31,98687.51198459495
2022-09-01,98687.51198459495
2022-09-02,98687.51198459495
2022-09-03,98687.51198459495
2022-09-04,98687.51198459495
2022-09-05,98687.51198459495
2022-09-06,98687.51198459495
2022-09-07,98687.51198459495
2022-09-08,98687.51198459495
2022-09-09,98687.51198459495
2022-09-10,98687.51198459495
2022-09-11,98687.51198459495
2022-09-12,98687.51198459495
2022-09-13,98687.51198459495
2022-09-14,98687.51198459495
2022-09-15,98687.51198459495
2022-09-16,98687.51198459495
2022-09-17,98687.51198459495
2022-09-18,98687.51198459495
2022-09-19,98687.51198459495
2022-09-20,98687.51198459495
2022-09-21,98687.51198459495
2022-09-22,98687.51198459495
2022-09-23,98687.51198459495
2022-09-24,98687.51198459495
2022-09-25,98687.51198459495
2022-09-26,98687.51198459495
2022-09-27,98687.51198459495
2022-09-28,98687.51198459495
2022-09-29,98687.51198459495
2022-09-30,98687.51198459495
2022-10-01,98687.51198459495
2022-10-02,98687.51198459495
2022-10-03,98687.51198459495
2022-10-04,98687.51198459495
2022-10-05,98687.51198459495
2022-10-06,98687.51198459495
2022-10-07,98687.51198459495
2022-10-08,98687.51198459495
2022-10-09,98687.51198459495
2022-10-10,98687.51198459495
2022-10-11,98687.51198459495
2022-10-12,98687.51198459495
2022-10-13,98687.51198459495
2022-10-14,98687.51198459495
2022-10-15,98687.51198459495
2022-10-16,98687.51198459495
2022-10-17,98687.51198459495
2022-10-18,98687.51198459495
2022-10-19,98687.51198459495
2022-10-20,98687.51198459495
2022-10-21,98687.51198459495
2022-10-22,98687.51198459495
2022-10-23,98687.51198459495
2022-10-24,98687.51198459495
2022-10-25,98687.51198459495
2022-10-26,98687.51198459495
2022-10-27,98687.51198459495
2022-10-28,98687.51198459495
2022-10-29,98687.51198459495
2022-10-30,98687.51198459495
2022-10-31,98687.51198459495
2022-11-01,98687.51198459495
2022-11-02,98687.51198459495
2022-11-03,98687.51198459495
2022-11-04,98642.52129315492
2022-11-05,98834.64987945676
2022-11-06,98329.43280834581
2022-11-07,97870.36139140489
2022-11-08,97123.88759330647
2022-11-09,95158.69258019871
2022-11-10,95158.69258019871
2022-11-11,95158.69258019871
2022-11-12,95158.69258019871
2022-11-13,95158.69258019871
2022-11-14,95158.69258019871
2022-11-15,95158.69258019871
2022-11-16,95158.69258019871
2022-11-17,95158.69258019871
2022-11-18,95158.69258019871
2022-11-19,95158.69258019871
2022-11-20,95158.69258019871
2022-11-21,95158.69258019871
2022-11-22,95158.69258019871
2022-11-23,95158.69258019871
2022-11-24,95158.69258019871
2022-11-25,95158.69258019871
2022-11-26,95158.69258019871
2022-11-27,95158.69258019871
2022-11-28,95158.69258019871
2022-11-29,95158.69258019871
2022-11-30,95158.69258019871
2022-12-01,95158.69258019871
2022-12-02,95158.69258019871
2022-12-03,95158.69258019871
2022-12-04,95158.69258019871
2022-12-05,95158.69258019871
2022-12-06,95158.69258019871
2022-12-07,95158.69258019871
2022-12-08,95158.69258019871
2022-12-09,95158.69258019871
2022-12-10,95158.69258019871
2022-12-11,95158.69258019871
2022-12-12,95158.69258019871
2022-12-13,95158.69258019871
2022-12-14,95158.69258019871
2022-12-15,95158.69258019871
2022-12-16,95158.69258019871
2022-12-17,95158.69258019871
2022-12-18,95158.69258019871
2022-12-19,95158.69258019871
2022-12-20,95158.69258019871
2022-12-21,95158.69258019871
2022-12-22,95158.69258019871
2022-12-23,95158.69258019871
2022-12-24,95158.69258019871
2022-12-25,95158.69258019871
2022-12-26,95158.69258019871
2022-12-27,95158.69258019871
2022-12-28,95158.69258019871
2022-12-29,95158.69258019871
2022-12-30,95158.69258019871
2022-12-31,95158.69258019871
2023-01-01,95158.69258019871
2023-01-02,95158.69258019871
2023-01-03,95158.69258019871
2023-01-04,95158.69258019871
2023-01-05,95158.69258019871
2023-01-06,95158.69258019871
2023-01-07,95158.69258019871
2023-01-08,95158.69258019871
2023-01-09,95158.69258019871
2023-01-10,95158.69258019871
2023-01-11,95158.69258019871
2023-01-12,95158.69258019871
2023-01-13,95112.1625141456
2023-01-14,96774.16914436764
2023-01-15,96625.3756959075
2023-01-16,97075.39249766289
2023-01-17,97062.75162755279
2023-01-18,96326.20336486892
2023-01-19,96946.32416235963
2023-01-20,99423.2439293809
2023-01-21,99580.71922724502
2023-01-22,99491.58496475226
2023-01-23,99825.03127750725
2023-01-24,99360.79121458321
2023-01-25,100110.8202318621
2023-01-26,99978.2584639911
2023-01-27,100049.85253021168
2023-01-28,99975.62926038611
2023-01-29,101134.00037644544
2023-01-30,99678.11843995901
2023-01-31,100144.1995540185
2023-02-01,101054.8564790397
2023-02-02,100662.38697980047
2023-02-03,100627.25485524075
2023-02-04,100444.2239417809
2023-02-05,99858.11542287005
2023-02-06,99553.42906760433
2023-02-07,100338.96754884922
2023-02-08,99832.76977839555
2023-02-09,98802.302466233
2023-02-10,98607.62703056417
2023-02-11,98862.42075604066
2023-02-12,98766.53955894274
2023-02-13,98789.61737117184
2023-02-14,99268.26225095784
2023-02-15,101688.76639985586
2023-02-16,100895.05094109743
2023-02-17,101987.7110517318
2023-02-18,102075.47831838169
2023-02-19,101711.73095230764
2023-02-20,102293.36747801244
2023-02-21,101837.8117364333
2023-02-22,101550.75483078609
2023-02-23,101270.84008669741
2023-02-24,100401.74118534254
2023-02-25,100008.38415626614
2023-02-26,100376.19330524976
2023-02-27,100339.64307516154
2023-02-28,99981.67200960648
2023-03-01,100457.54367982286
2023-03-02,100294.4538013359
2023-03-03,99233.66301420983
2023-03-04,99224.7688952586
2023-03-05,99303.09374266073
2023-03-06,99297.60683276974
2023-03-07,99097.43050768673
2023-03-08,98811.62736441461
2023-03-09,96760.99480012109
2023-03-10,96572.62600241696
2023-03-11,97049.68058381559
2023-03-12,98690.928344678
2023-03-13,100870.18399842086
2023-03-14,101458.01863854173
2023-03-15,101061.39304211362
2023-03-16,101786.7043788233
2023-03-17,104327.69685936683
2023-03-18,103836.83453825783
2023-03-19,104986.4790442751
2023-03-20,104695.59557576994
2023-03-21,105133.44346014649
2023-03-22,104202.85998998901
2023-03-23,105302.9289127442
2023-03-24,104402.02046663003
2023-03-25,104403.54419476542
2023-03-26,104938.95672653613
2023-03-27,104023.30914095849
2023-03-28,104160.73769778479
2023-03-29,105318.43410234166
2023-03-30,104980.99948348053
2023-03-31,105457.79243573503
2023-04-01,105385.51162882916
2023-04-02,105158.61846291082
2023-04-03,104720.2263899145
2023-04-04,105125.1634209932
2023-04-05,105135.76672694631
2023-04-06,104992.33535103721
2023-04-07,104865.58126329123
2023-04-08,104889.08811863263
2023-04-09,105301.94100109598
2023-04-10,106716.42117802925
2023-04-11,107340.19529042036
2023-04-12,107237.31224578441
2023-04-13,107515.95147034449
2023-04-14,107608.79004887916
2023-04-15,107429.60966671673
2023-04-16,107426.2440694067
2023-04-17,106493.5905894609
2023-04-18,107514.3293696509
2023-04-19,105797.18397156066
2023-04-20,105292.20411370532
2023-04-21,104443.63080654375
2023-04-22,104916.99832944485
2023-04-23,104719.00051349662
2023-04-24,104661.16827445324
2023-04-25,105346.15236591245
2023-04-26,105446.94276495259
2023-04-27,106367.3262171076
2023-04-28,106250.40470233014
2023-04-29,106170.04328733178
2023-04-30,106187.83505970404
2023-05-01,105156.98630162531
2023-05-02,105672.71681613085
2023-05-03,105957.97863222544
2023-05-04,105819.10258683731
2023-05-05,106420.38855774222
2023-05-06,105868.93767817206
2023-05-07,105475.2064225729
2023-05-08,104809.09498401459
2023-05-09,104778.01111754666
2023-05-10,104213.25411607097
2023-05-11,103709.04622021398
2023-05-12,103550.06297724994
2023-05-13,103533.08292176394
2023-05-14,103652.08603968809
2023-05-15,103864.86721132042
2023-05-16,103738.16462861767
2023-05-17,104032.22233370077
2023-05-18,103572.16385081424
2023-05-19,103619.19322836511
2023-05-20,103813.62572698231
2023-05-21,103508.51917100065
2023-05-22,103554.94308833266
2023-05-23,103554.94308833266
2023-05-24,103554.94308833266
2023-05-25,103554.94308833266
2023-05-26,103554.94308833266
2023-05-27,103554.94308833266
2023-05-28,103554.94308833266
2023-05-29,103554.94308833266
2023-05-30,103554.94308833266
2023-05-31,103554.94308833266
2023-06-01,103554.94308833266
2023-06-02,103554.94308833266
2023-06-03,103554.94308833266
2023-06-04,103554.94308833266
2023-06-05,103554.94308833266
2023-06-06,103554.94308833266
2023-06-07,103554.94308833266
2023-06-08,103554.94308833266
2023-06-09,103554.94308833266
2023-06-10,103554.94308833266
2023-06-11,103554.94308833266
2023-06-12,103554.94308833266
2023-06-13,103554.94308833266
2023-06-14,103554.94308833266
2023-06-15,103554.94308833266
2023-06-16,103554.94308833266
2023-06-17,103554.94308833266
2023-06-18,103554.94308833266
2023-06-19,103554.94308833266
2023-06-20,103554.94308833266
2023-06-21,103554.94308833266
2023-06-22,103519.87993395077
2023-06-23,104131.91448018387
2023-06-24,104017.21600220844
2023-06-25,103963.73746290861
2023-06-26,103800.30876847602
2023-06-27,104126.20611392491
2023-06-28,103655.82757638
2023-06-29,103936.45635635444
2023-06-30,103961.38543285379
2023-07-01,104049.55527073645
2023-07-02,104073.5395668309
2023-07-03,104492.14749605027
2023-07-04,104196.08323265957
2023-07-05,103990.23252437632
2023-07-06,103517.57979813465
2023-07-07,103855.89818225076
2023-07-08,103817.0400815591
2023-07-09,103722.24304413194
2023-07-10,103912.32400904952
2023-07-11,104073.68151283682
2023-07-12,103894.487653942
2023-07-13,104741.91141439673
2023-07-14,103849.49229637139
2023-07-15,103819.59205706311
2023-07-16,103783.1180387502
2023-07-17,103289.11129702708
2023-07-18,102971.53471980391
2023-07-19,103034.49692655091
2023-07-20,102900.68535453526
2023-07-21,103028.81148365898
2023-07-22,102878.49883549735
2023-07-23,103221.77138500658
2023-07-24,102225.52614812579
2023-07-25,102280.92920267183
2023-07-26,102420.96860711624
2023-07-27,102262.59729386005
2023-07-28,102381.75362922062
2023-07-29,102423.10386394896
2023-07-30,102333.52598091865
2023-07-31,102283.91556087261
2023-08-01,101762.41639976844
2023-08-02,100978.89462899063
2023-08-03,101018.86659230526
2023-08-04,100862.41175248835
2023-08-05,100814.59498824544
2023-08-06,100814.18887005959
2023-08-07,101021.70649789271
2023-08-08,101896.68959018218
2023-08-09,101591.52537321535
2023-08-10,101394.21036915934
2023-08-11,101346.52508202696
2023-08-12,101373.82557360009
2023-08-13,101174.79260196649
2023-08-14,101362.5740546523
2023-08-15,101006.40256222704
2023-08-16,100305.32290090341
2023-08-17,98220.88950818614
2023-08-18,98220.88950818614
2023-08-19,98220.88950818614
2023-08-20,98220.88950818614
2023-08-21,98220.88950818614
2023-08-22,98220.88950818614
2023-08-23,98220.88950818614
2023-08-24,98220.88950818614
2023-08-25,98220.88950818614
2023-08-26,98220.88950818614
2023-08-27,98220.88950818614
2023-08-28,98220.88950818614
2023-08-29,98220.88950818614
2023-08-30,98220.88950818614
2023-08-31,98220.88950818614
2023-09-01,98220.88950818614
2023-09-02,98220.88950818614
2023-09-03,98220.88950818614
2023-09-04,98220.88950818614
2023-09-05,98220.88950818614
2023-09-06,98220.88950818614
2023-09-07,98220.88950818614
2023-09-08,98220.88950818614
2023-09-09,98220.88950818614
2023-09-10,98220.88950818614
2023-09-11,98220.88950818614
2023-09-12,98220.88950818614
2023-09-13,98220.88950818614
2023-09-14,98220.88950818614
2023-09-15,98220.88950818614
2023-09-16,98220.88950818614
2023-09-17,98220.88950818614
2023-09-18,98220.88950818614
2023-09-19,98220.88950818614
2023-09-20,98220.88950818614
2023-09-21,98220.88950818614
2023-09-22,98220.88950818614
2023-09-23,98220.88950818614
2023-09-24,98220.88950818614
2023-09-25,98220.88950818614
2023-09-26,98220.88950818614
2023-09-27,98220.88950818614
2023-09-28,98220.88950818614
2023-09-29,98220.88950818614
2023-09-30,98220.88950818614
2023-10-01,98220.88950818614
2023-10-02,98220.88950818614
2023-10-03,98220.88950818614
2023-10-04,98220.88950818614
2023-10-05,98220.88950818614
2023-10-06,98220.88950818614
2023-10-07,98167.68258594025
2023-10-08,98124.87938933929
2023-10-09,97679.20348991608
2023-10-10,97434.8660989488
2023-10-11,96380.56561652804
2023-10-12,96235.42006659193
2023-10-13,96366.93153513476
2023-10-14,96315.90885393259
2023-10-15,96315.90885393259
2023-10-16,96271.6245825496
2023-10-17,96164.25676708006
2023-10-18,96073.77536308239
2023-10-19,96479.01284527882
2023-10-20,97476.04100652237
2023-10-21,97719.78802613598
2023-10-22,97797.92811600241
2023-10-23,100999.06160449974
2023-10-24,101843.0384652155
2023-10-25,102465.4863110667
2023-10-26,102107.13530899868
2023-10-27,101851.60298137867
2023-10-28,102037.7012641272
2023-10-29,102502.40107407595
2023-10-30,102465.01320040047
2023-10-31,102636.25095581207
2023-11-01,103432.79543947683
2023-11-02,102916.22733452101
2023-11-03,102703.06469545515
2023-11-04,103065.24506334307
2023-11-05,103031.2498379494
2023-11-06,103018.84382492362
2023-11-07,103439.32598414327
2023-11-08,103658.48944567662
2023-11-09,104732.85098244545
2023-11-10,105375.53745124125
2023-11-11,105193.43028154894
2023-11-12,105106.960209012
2023-11-13,104535.36973794085
2023-11-14,102951.91359055348
2023-11-15,104704.21957331538
2023-11-16,103413.46959518614
2023-11-17,103743.98091464111
2023-11-18,103735.76852783843
2023-11-19,104334.72644058819
2023-11-20,104402.34497226666
2023-11-21,103158.464905726
2023-11-22,104368.9753948706
2023-11-23,104262.23481706095
2023-11-24,104584.32924346058
2023-11-25,104641.55301446884
2023-11-26,104403.96349318045
2023-11-27,104235.71912064643
2023-11-28,104667.20102006855
2023-11-29,104687.69838961947
2023-11-30,104578.69363544123
2023-12-01,105308.65533211816
2023-12-02,105897.69469161458
2023-12-03,106273.188622098
2023-12-04,107770.2824876292
2023-12-05,109341.30244197407
2023-12-06,109091.34905695426
2023-12-07,108751.96216613446
2023-12-08,109405.5875217344
2023-12-09,109076.04614622056
2023-12-10,109116.21993879392
2023-12-11,107186.75987059655
2023-12-12,107305.95965446623
2023-12-13,108137.92388145112
2023-12-14,108214.87041465657
2023-12-15,107582.91257799613
2023-12-16,107762.15894842565
2023-12-17,107256.54575360134
2023-12-18,107983.6021686829
2023-12-19,107779.72216890838
2023-12-20,108577.72858025986
2023-12-21,108702.99935016924
2023-12-22,108777.35821299657
2023-12-23,108628.14415998082
2023-12-24,108210.33353136938
2023-12-25,108555.14117326269
2023-12-26,107924.03611724995
2023-12-27,108456.79390665978
2023-12-28,107986.09508565573
2023-12-29,107680.88985511167
2023-12-30,107714.0986676365
2023-12-31,107776.63817116915
2024-01-01,108875.21140827183
2024-01-02,109331.83934858856
2024-01-03,107724.46755217036
2024-01-04,108336.1293821515
2024-01-05,108328.21554625101
2024-01-06,108248.52998254202
2024-01-07,108227.357645779
2024-01-08,109617.82453407082
2024-01-09,109236.25600275259
2024-01-10,109460.4125789048
2024-01-11,109341.36774700608
2024-01-12,107826.89550362449
2024-01-13,107823.3423115017
2024-01-14,107478.69811865735
2024-01-15,107714.48671248027
2024-01-16,107926.31667618733
2024-01-17,107790.48590147385
2024-01-18,107302.70121596692
2024-01-19,107420.10069130243
2024-01-20,107435.64413732165
2024-01-21,107396.17552116308
2024-01-22,106724.61448842309
2024-01-23,106836.02977564887
2024-01-24,106912.30565290988
2024-01-25,106865.1064952513
2024-01-26,107485.48534620374
2024-01-27,107585.36981074927
2024-01-28,107557.5439795001
2024-01-29,107970.2328953797
2024-01-30,107859.65668141145
2024-01-31,107737.75812615517
2024-02-01,107900.23333756195
2024-02-02,107936.50137827343
2024-02-03,107872.71636763458
2024-02-04,107738.0798566987
2024-02-05,107762.81707472993
2024-02-06,107903.16494627463
2024-02-07,108309.5608127227
2024-02-08,108633.52545315087
2024-02-09,109241.57301583074
2024-02-10,109447.17685005933
2024-02-11,109619.36188926996
2024-02-12,110167.67052462648
2024-02-13,110096.58094372723
2024-02-14,110783.24272125852
2024-02-15,110820.09502463706
2024-02-16,110893.11756264187
2024-02-17,110729.31167370702
2024-02-18,110880.71163288319
2024-02-19,110767.57701763278
2024-02-20,110934.19097075157
2024-02-21,110787.35572452706
2024-02-22,110611.36010875882
2024-02-23,110422.57634734618
2024-02-24,110699.03682956049
2024-02-25,110752.45310824233
2024-02-26,111671.34900055159
2024-02-27,112515.72437744537
2024-02-28,114301.16288109789
2024-02-29,113870.76462918002
2024-03-01,114280.02647130989
2024-03-02,114144.69244855562
2024-03-03,114519.45190719693
2024-03-04,116220.42713471658
2024-03-05,113942.54902133072
2024-03-06,114506.90432020366
2024-03-07,114707.29689646291
2024-03-08,115043.76733564965
2024-03-09,115092.4259905238
2024-03-10,115219.93098059607
2024-03-11,115979.7422348771
2024-03-12,115822.44541205639
2024-03-13,116214.62709480566
2024-03-14,115801.7140904808
2024-03-15,115313.92087594149
2024-03-16,114253.51615366175
2024-03-17,114926.44446008797
2024-03-18,114742.20605213547
2024-03-19,113509.07537927588
2024-03-20,114822.08600021136
2024-03-21,114292.0851942874
2024-03-22,113917.35798184616
2024-03-23,113979.37562482
2024-03-24,114673.40981010118
2024-03-25,115269.56755483177
2024-03-26,115275.91795087504
2024-03-27,115159.40741415547
2024-03-28,115441.5769632436
2024-03-29,115255.13001917054
2024-03-30,115200.97131181149
2024-03-31,115570.3848752351
2024-04-01,115213.40885733257
2024-04-02,114282.36643878161
2024-04-03,114399.17184584234
2024-04-04,114952.31099923378
2024-04-05,114805.45018478927
2024-04-06,115037.04562423105
2024-04-07,115139.10495014313
2024-04-08,115635.52472503882
2024-04-09,115090.19408016033
2024-04-10,115407.20961130553
2024-04-11,115291.84094929846
2024-04-12,114205.7401966628
2024-04-13,113278.24532063061
2024-04-14,113805.2267265188
2024-04-15,113169.60265438716
2024-04-16,113275.6040627718
2024-04-17,112578.78011342396
2024-04-18,113193.39008034725
2024-04-19,113284.3191400238
2024-04-20,113600.65056853382
2024-04-21,113582.01574276251
2024-04-22,114107.28784681688
2024-04-23,113988.98526311178
2024-04-24,113403.4248379071
2024-04-25,113459.71906180751
2024-04-26,113260.06251500506
2024-04-27,113167.65928986503
2024-04-28,113083.57602698024
2024-04-29,113283.64594137443
2024-04-30,112402.9131399457
2024-05-01,111871.47668874261
2024-05-02,112097.6819467562
2024-05-03,112097.6819467562
2024-05-04,112097.6819467562
2024-05-05,112097.6819467562
2024-05-06,112097.6819467562
2024-05-07,112097.6819467562
2024-05-08,112097.6819467562
2024-05-09,112097.6819467562
2024-05-10,112097.6819467562
2024-05-11,112097.6819467562
2024-05-12,112097.6819467562
2024-05-13,112097.6819467562
2024-05-14,112097.6819467562
2024-05-15,112097.6819467562
2024-05-16,112097.6819467562
2024-05-17,112062.71781702293
2024-05-18,112024.10615189286
2024-05-19,111793.82125988265
2024-05-20,113591.0222206932
2024-05-21,113135.04498965408
2024-05-22,112782.47760327224
2024-05-23,112367.83063318477
2024-05-24,112575.20707788737
2024-05-25,112832.40090835918
2024-05-26,112572.42330094721
2024-05-27,112877.1097239582
2024-05-28,112495.29231060507
2024-05-29,112245.64862637097
2024-05-30,112519.20020173119
2024-05-31,112215.51593841866
2024-06-01,112290.43891836824
2024-06-02,112305.96560399451
2024-06-03,112672.08523128505
2024-06-04,113284.95613067185
2024-06-05,113464.00594758331
2024-06-06,113350.79720809666
2024-06-07,112859.04369058652
2024-06-08,112846.24646430158
2024-06-09,112965.21286926449
2024-06-10,112918.03531879853
2024-06-11,112160.10927172958
2024-06-12,112476.16165229627
2024-06-13,111960.00052175076
2024-06-14,111353.39482397403
2024-06-15,111431.7524243151
2024-06-16,111626.89782902069
2024-06-17,111562.11023520038
2024-06-18,110974.31764457517
2024-06-19,110895.72355590583
2024-06-20,110838.38789645876
2024-06-21,110519.36854431455
2024-06-22,110587.47888421499
2024-06-23,110079.39064221842
2024-06-24,110079.39064221842
2024-06-25,110079.39064221842
2024-06-26,110079.39064221842
2024-06-27,110079.39064221842
2024-06-28,110079.39064221842
2024-06-29,110079.39064221842
2024-06-30,110079.39064221842
2024-07-01,110079.39064221842
2024-07-02,110079.39064221842
2024-07-03,110079.39064221842
2024-07-04,110079.39064221842
2024-07-05,110079.39064221842
2024-07-06,110079.39064221842
2024-07-07,110079.39064221842
2024-07-08,110079.39064221842
2024-07-09,110079.39064221842
2024-07-10,110079.39064221842
2024-07-11,110079.39064221842
2024-07-12,110079.39064221842
2024-07-13,110079.39064221842
2024-07-14,110079.39064221842
2024-07-15,110079.39064221842
2024-07-16,110079.39064221842
2024-07-17,110079.39064221842
2024-07-18,110079.39064221842
2024-07-19,110079.39064221842
2024-07-20,110079.39064221842
2024-07-21,110079.39064221842
2024-07-22,110079.39064221842
2024-07-23,110042.88834951988
2024-07-24,109837.83080804425
2024-07-25,109987.35679829294
2024-07-26,110775.355767848
2024-07-27,110738.91435886141
2024-07-28,110902.2590744297
2024-07-29,110372.22790765329
2024-07-30,110143.78350007957
2024-07-31,109559.93082049745
2024-08-01,109235.66989823908
2024-08-02,107830.6105504711
2024-08-03,107568.67076722275
2024-08-04,107018.59630503024
2024-08-05,107018.59630503024
2024-08-06,107018.59630503024
2024-08-07,107018.59630503024
2024-08-08,107018.59630503024
2024-08-09,107018.59630503024
2024-08-10,107018.59630503024
2024-08-11,107018.59630503024
2024-08-12,107018.59630503024
2024-08-13,107018.59630503024
2024-08-14,107018.59630503024
2024-08-15,107018.59630503024
2024-08-16,107018.59630503024
2024-08-17,107018.59630503024
2024-08-18,107018.59630503024
2024-08-19,107018.59630503024
2024-08-20,107018.59630503024
2024-08-21,107018.59630503024
2024-08-22,107018.59630503024
2024-08-23,107018.59630503024
2024-08-24,107018.59630503024
2024-08-25,107018.59630503024
2024-08-26,107018.59630503024
2024-08-27,107018.59630503024
2024-08-28,107018.59630503024
2024-08-29,107018.59630503024
2024-08-30,107018.59630503024
2024-08-31,107018.59630503024
2024-09-01,107018.59630503024
2024-09-02,107018.59630503024
2024-09-03,107018.59630503024
2024-09-04,107018.59630503024
2024-09-05,107018.59630503024
2024-09-06,107018.59630503024
2024-09-07,107018.59630503024
2024-09-08,107018.59630503024
2024-09-09,107018.59630503024
2024-09-10,107018.59630503024
2024-09-11,107018.59630503024
2024-09-12,107018.59630503024
2024-09-13,107018.59630503024
2024-09-14,107018.59630503024
2024-09-15,107018.59630503024
2024-09-16,107018.59630503024
2024-09-17,107018.59630503024
2024-09-18,107018.59630503024
2024-09-19,107018.59630503024
2024-09-20,107018.59630503024
2024-09-21,107018.59630503024
2024-09-22,107018.59630503024
2024-09-23,106977.46702108215
2024-09-24,107398.3807345704
2024-09-25,106896.65158809241
2024-09-26,107778.9780599034
2024-09-27,108042.93218285828
2024-09-28,108084.92292390694
2024-09-29,107975.66716944652
2024-09-30,106977.33679363488
2024-10-01,106047.13451466031
2024-10-02,105965.74568931718
2024-10-03,106016.20641854333
2024-10-04,106537.51304573446
2024-10-05,106546.46907014484
2024-10-06,106836.99889034075
2024-10-07,106604.9377586213
2024-10-08,106563.21510779171
2024-10-09,105945.54676410864
2024-10-10,105561.57865717646
2024-10-11,106523.73953157639
2024-10-12,106855.27726664305
2024-10-13,106703.83421059593
2024-10-14,108119.97621565509
2024-10-15,108561.02455052167
2024-10-16,108814.40276365983
2024-10-17,108720.03785468843
2024-10-18,109171.71085617488
2024-10-19,109146.86340408966
2024-10-20,109430.10011644436
2024-10-21,108705.86008899688
2024-10-22,108703.00306488953
2024-10-23,108291.11022815609
2024-10-24,109057.46452247578
2024-10-25,108384.29423382979
2024-10-26,108549.3159462708
2024-10-27,108954.73286169422
2024-10-28,109831.72844474844
2024-10-29,111078.53376519961
2024-10-30,110909.66805668687
2024-10-31,109968.00330008015
2024-11-01,109643.20987343662
2024-11-02,109557.57187446587
2024-11-03,108908.75288119413
2024-11-04,108521.09820314165
2024-11-05,109166.64961175395
2024-11-06,111785.25875383035
2024-11-07,111896.09169901352
2024-11-08,112163.23428196693
2024-11-09,112260.56007280767
2024-11-10,113801.538729615
2024-11-11,117232.388511353
2024-11-12,116921.43726837965
2024-11-13,118017.48126940933
2024-11-14,116627.2868924936
2024-11-15,118218.4140362264
2024-11-16,118006.76937276727
2024-11-17,117709.5989457294
2024-11-18,118000.16565789701
2024-11-19,118751.25922089363
2024-11-20,119583.48367259972
2024-11-21,121320.4203194077
2024-11-22,121525.97927029768
2024-11-23,121017.06970139357
2024-11-24,121115.70841630572
2024-11-25,119067.56315431188
2024-11-26,118601.77483356897
2024-11-27,120260.3041760935
2024-11-28,120131.00558913202
2024-11-29,120885.39612274959
2024-11-30,120463.18841069909
2024-12-01,120809.61140873282
2024-12-02,120219.75990793346
2024-12-03,120276.83138158775
2024-12-04,121430.42902193563
2024-12-05,120523.4526029389
2024-12-06,121910.89733241973
2024-12-07,121911.9919787919
2024-12-08,122459.39009603212
2024-12-09,120873.3843335406
2024-12-10,120557.58862879514
2024-12-11,122433.12509885203
2024-12-12,121961.8928671332
2024-12-13,122552.48390580899
2024-12-14,122516.5006641997
2024-12-15,123736.55246139198
2024-12-16,124458.40332844607
2024-12-17,124504.64236404235
2024-12-18,121961.28364430106
2024-12-19,121318.71373357941
2024-12-20,121375.05862317608
2024-12-21,121262.10304269326
2024-12-22,120811.34890969408
2024-12-23,120722.31710652297
2024-12-24,121570.72325865638
2024-12-25,121703.22021769054
2024-12-26,120958.19415458625
2024-12-27,120611.44972742067
2024-12-28,120823.89306929971
2024-12-29,120476.50075149101
2024-12-30,120287.88483395624
2024-12-31,120455.01902352643
2025-01-01,120665.65159412086
2025-01-02,121190.2619379196
2025-01-03,121449.8019457793
2025-01-04,121477.18944614462
2025-01-05,121493.93160486607
2025-01-06,122294.12638686105
2025-01-07,121197.88046737947
2025-01-08,120648.67955850826
2025-01-09,119988.51042748833
2025-01-10,120560.44918556415
2025-01-11,120525.66483709411
2025-01-12,120505.50595503558
2025-01-13,120512.75017544747
2025-01-14,121033.13104104533
2025-01-15,122057.23005775266
2025-01-16,121864.40482953766
2025-01-17,123078.0021737924
2025-01-18,123064.08198614142
2025-01-19,122208.14963709828
2025-01-20,122447.26533299107
2025-01-21,123512.41560372642
2025-01-22,122869.34444494426
2025-01-23,122948.55531008208
2025-01-24,123170.19822845292
2025-01-25,123143.15784077365
2025-01-26,122619.00474134796
2025-01-27,122465.58444502566
2025-01-28,122270.79249660984
2025-01-29,122882.27724233047
2025-01-30,123148.48571803902
2025-01-31,122547.43506781009
2025-02-01,122096.28436534725
2025-02-02,121046.66048100058
2025-02-03,121939.47764371852
2025-02-04,121090.5857979013
2025-02-05,120788.76158995803
2025-02-06,120783.44077841242
2025-02-07,120768.01511700382
2025-02-08,120756.81232190125
2025-02-09,120761.05020284305
2025-02-10,120986.2603550179
2025-02-11,120580.23457493624
2025-02-12,121093.95846045771
2025-02-13,120790.78481212599
2025-02-14,121003.41645319725
2025-02-15,121020.56504405872
2025-02-16,120682.95908228226
2025-02-17,120586.46940243342
2025-02-18,120530.29401958626
2025-02-19,120793.60568681842
2025-02-20,121201.60213784291
2025-02-21,120636.43228266994
2025-02-22,120636.43228266994
2025-02-23,120636.43228266994
2025-02-24,120636.43228266994
2025-02-25,120636.43228266994
2025-02-26,120636.43228266994
2025-02-27,120636.43228266994
2025-02-28,120636.43228266994
2025-03-01,120636.43228266994
2025-03-02,120636.43228266994
2025-03-03,120636.43228266994
2025-03-04,120636.43228266994
2025-03-05,120636.43228266994
2025-03-06,120636.43228266994
2025-03-07,120636.43228266994
2025-03-08,120636.43228266994
2025-03-09,120636.43228266994
2025-03-10,120636.43228266994
2025-03-11,120636.43228266994
2025-03-12,120636.43228266994
2025-03-13,120636.43228266994
2025-03-14,120636.43228266994
2025-03-15,120636.43228266994
2025-03-16,120636.43228266994
2025-03-17,120636.43228266994
2025-03-18,120636.43228266994
2025-03-19,120636.43228266994
2025-03-20,120636.43228266994
2025-03-21,120636.43228266994
2025-03-22,120636.43228266994
2025-03-23,120636.43228266994
2025-03-24,120636.43228266994
2025-03-25,120636.43228266994
2025-03-26,120636.43228266994
2025-03-27,120636.43228266994
2025-03-28,120636.43228266994
2025-03-29,120636.43228266994
2025-03-30,120636.43228266994
2025-03-31,120636.43228266994
2025-04-01,120636.43228266994
2025-04-02,120636.43228266994
2025-04-03,120636.43228266994
2025-04-04,120636.43228266994
2025-04-05,120636.43228266994
2025-04-06,120636.43228266994
2025-04-07,120636.43228266994
2025-04-08,120636.43228266994
2025-04-09,120636.43228266994
2025-04-10,120636.43228266994
2025-04-11,120636.43228266994
2025-04-12,120636.43228266994
2025-04-13,120636.43228266994
2025-04-14,120636.43228266994
2025-04-15,120636.43228266994
2025-04-16,120636.43228266994
2025-04-17,120636.43228266994
2025-04-18,120636.43228266994
2025-04-19,120636.43228266994
2025-04-20,120636.43228266994
2025-04-21,120636.43228266994
2025-04-22,120636.43228266994
2025-04-23,120636.43228266994
2025-04-24,120636.43228266994
2025-04-25,120590.91978718786
2025-04-26,120567.35312868365
2025-04-27,120281.59269174832
2025-04-28,120673.64458951504
2025-04-29,120451.34921148028
2025-04-30,120426.53127026904
2025-05-01,121158.48911026973
2025-05-02,121292.30128295955
2025-05-03,120966.11940945631
2025-05-04,120461.33945261322
2025-05-05,120599.74633540325
2025-05-06,121257.8359520771
2025-05-07,121331.46142655877
2025-05-08,123320.42534069171
2025-05-09,123233.74147987948
2025-05-10,123786.46057979432
2025-05-11,123597.47684998612
2025-05-12,123183.16213029591
2025-05-13,123617.80268627913
2025-05-14,123415.86818045317
2025-05-15,123481.60807131512
2025-05-16,123399.81172075655
2025-05-17,123304.28879890185
2025-05-18,124346.93262736192
2025-05-19,124077.91185048124
2025-05-20,124457.47094170097
2025-05-21,125382.25645198586
2025-05-22,126021.37662282115
2025-05-23,124616.58154816154
2025-05-24,124777.82183778947
2025-05-25,125176.38541076359
2025-05-26,125306.11089413225
2025-05-27,125163.33202956384
2025-05-28,124781.40050633157
2025-05-29,124089.30853337687
2025-05-30,123567.14538615549
2025-05-31,123782.71066056006
2025-06-01,124124.5040328318
2025-06-02,124201.83829556943
2025-06-03,124050.47201974424
2025-06-04,123814.35853639283
2025-06-05,122283.22835037521
2025-06-06,123254.71499638382
2025-06-07,123677.66423498844
2025-06-08,123739.11533231355
2025-06-09,125292.60619214228
2025-06-10,125279.88017606833
2025-06-11,124737.72869917148
2025-06-12,123785.85559732602
2025-06-13,122674.96624927173
2025-06-14,122465.57976220816
2025-06-15,122492.53057671843
2025-06-16,122913.87936218234
2025-06-17,122170.64407500793
2025-06-18,122266.17388293202
2025-06-19,122198.79816894144
2025-06-20,121733.45960342024
2025-06-21,121172.9660607256
2025-06-22,120744.95311112913
2025-06-23,122291.75580492984
2025-06-24,122449.39989695989
2025-06-25,122892.69657895336
2025-06-26,122757.49372334845
2025-06-27,122800.7677979048
2025-06-28,122881.39040764004
2025-06-29,123237.83621416432
2025-06-30,122816.57274611555
2025-07-01,122332.36062274307
2025-07-02,123397.46513813156
2025-07-03,123663.20096624247
2025-07-04,123119.48863560695
2025-07-05,123185.81466410759
2025-07-06,123523.06235482558
2025-07-07,123208.95348735416
2025-07-08,123428.11157501854
2025-07-09,124228.79383144289
2025-07-10,125799.18812182333
2025-07-11,126314.6468699895
2025-07-12,126287.0961391478
2025-07-13,126853.46819566574
2025-07-14,127100.64821432669
2025-07-15,125697.89258783674
2025-07-16,126020.07967979545
2025-07-17,126204.86025718022
2025-07-18,125773.64971818027
2025-07-19,125752.4514419123
2025-07-20,125538.2273595086
2025-07-21,125584.72950705297
2025-07-22,126441.33257988146
2025-07-23,126025.59395472385
2025-07-24,125895.90375933985
2025-07-25,125650.5342352109
2025-07-26,125754.92841441101
2025-07-27,126258.0313782491
2025-07-28,125747.25660741185
2025-07-29,125746.47633489112
2025-07-30,125715.9907209351
2025-07-31,125021.22873705463
2025-08-01,124091.1058710653
2025-08-02,123810.76252018222
2025-08-03,124408.35394472434
2025-08-04,124710.27130227024
2025-08-05,124381.41197838502
2025-08-06,124694.76110190866
2025-08-07,125567.38314357995
2025-08-08,125281.7381041275
2025-08-09,125215.16049313975
2025-08-10,126207.07052762223
2025-08-11,126003.72868061722
2025-08-12,126513.2071456546
2025-08-13,127634.03933514545
2025-08-14,125872.29374613066
2025-08-15,125532.55215419753
2025-08-16,125565.42262332773
2025-08-17,125551.88951099516
2025-08-18,125079.5406359427
2025-08-19,123846.06083255255
2025-08-20,124366.53322759536
2025-08-21,123697.46187381071
2025-08-22,125303.71929823798
2025-08-23,124762.9858414905
2025-08-24,124072.214054038
2025-08-25,122504.10621115356
2025-08-26,122981.33764108847
2025-08-27,122816.24390835481
2025-08-28,123192.36997788046
2025-08-29,122016.8624359171
2025-08-30,122083.40743406721
2025-08-31,122083.40743406721
2025-09-01,122083.40743406721
2025-09-02,122083.40743406721
2025-09-03,122083.40743406721
2025-09-04,122083.40743406721
2025-09-05,122083.40743406721
2025-09-06,122083.40743406721
2025-09-07,122083.40743406721
2025-09-08,122083.40743406721
2025-09-09,122083.40743406721
2025-09-10,122083.40743406721
2025-09-11,122083.40743406721
2025-09-12,122083.40743406721
2025-09-13,122083.40743406721
2025-09-14,122083.40743406721
2025-09-15,122003.20141431066
2025-09-16,122650.8587486059
2025-09-17,122477.31810756835
2025-09-18,122787.03816195496
2025-09-19,122116.20782019074
2025-09-20,122131.53949299619
2025-09-21,121938.92201008224
2025-09-22,120537.09014178139
2025-09-23,120182.10930826272
2025-09-24,120817.65017471022
2025-09-25,118483.15757766533
2025-09-26,118676.85903297509
2025-09-27,118676.85903297509
2025-09-28,118676.85903297509
2025-09-29,118676.85903297509
2025-09-30,118676.85903297509
2025-10-01,118612.24196812183
2025-10-02,119350.12236087439
2025-10-03,119925.68994383184
2025-10-04,119983.3814356869
2025-10-05,120378.42023162846
2025-10-06,120828.28565847945
2025-10-07,119629.73278917004
2025-10-08,120320.83369012487
2025-10-09,119722.02669555582
2025-10-10,118716.29716475218
2025-10-11,118269.711386461
2025-10-12,119079.17221274841
2025-10-13,119097.97338267627
2025-10-14,118698.53696027838
2025-10-15,118265.12417936261
2025-10-16,117783.16007375962
2025-10-17,117029.01972540586
2025-10-18,117029.01972540586
2025-10-19,117029.01972540586
2025-10-20,117029.01972540586
2025-10-21,117029.01972540586
2025-10-22,117029.01972540586
2025-10-23,117029.01972540586
2025-10-24,117029.01972540586
2025-10-25,117029.01972540586
2025-10-26,117029.01972540586
2025-10-27,117029.01972540586
2025-10-28,117029.01972540586
2025-10-29,117029.01972540586
2025-10-30,117029.01972540586
2025-10-31,117029.01972540586
2025-11-01,117029.01972540586
2025-11-02,117029.01972540586
2025-11-03,117029.01972540586
2025-11-04,117029.01972540586
2025-11-05,117029.01972540586
2025-11-06,117029.01972540586
2025-11-07,117029.01972540586
2025-11-08,117029.01972540586
2025-11-09,117029.01972540586
2025-11-10,117029.01972540586
2025-11-11,117029.01972540586
2025-11-12,117029.01972540586
2025-11-13,117029.01972540586
2025-11-14,117029.01972540586
2025-11-15,117029.01972540586
2025-11-16,117029.01972540586
2025-11-17,117029.01972540586
2025-11-18,117029.01972540586
2025-11-19,117029.01972540586
2025-11-20,117029.01972540586
2025-11-21,117029.01972540586
2025-11-22,117029.01972540586
2025-11-23,117029.01972540586
2025-11-24,117029.01972540586
2025-11-25,117029.01972540586
2025-11-26,117029.01972540586
2025-11-27,117029.01972540586
2025-11-28,117029.01972540586
2025-11-29,117029.01972540586
2025-11-30,117029.01972540586
2025-12-01,117029.01972540586
2025-12-02,117029.01972540586
2025-12-03,117029.01972540586
2025-12-04,117029.01972540586
2025-12-05,117029.01972540586
2025-12-06,117029.01972540586
2025-12-07,117029.01972540586
2025-12-08,117029.01972540586
2025-12-09,117029.01972540586
2025-12-10,117029.01972540586
2025-12-11,117029.01972540586
2025-12-12,117029.01972540586
2025-12-13,117029.01972540586
2025-12-14,117029.01972540586
2025-12-15,117029.01972540586
2025-12-16,117029.01972540586
2025-12-17,117029.01972540586
2025-12-18,117029.01972540586
2025-12-19,117029.01972540586
2025-12-20,117029.01972540586
2025-12-21,117029.01972540586
2025-12-22,117029.01972540586
2025-12-23,117029.01972540586
2025-12-24,117029.01972540586
2025-12-25,117029.01972540586
2025-12-26,117029.01972540586
2025-12-27,117029.01972540586
2025-12-28,117029.01972540586
2025-12-29,117029.01972540586
2025-12-30,117029.01972540586
